id,runtime_id,arrival_day,days_taken,pending,sink_type
1253,3640,731.0416667,182.98,no,Partlyallow
1254,3641,731.1881944,125.89,no,AllowAppeal
1255,3642,732.0416667,115.02,no,Dismiss
1257,3644,733.0416667,42.09,no,judgementExparte
1258,3645,733.1881944,21.88,no,Dismiss
1259,3646,734.0416667,149.00,no,Dismiss
1260,3647,734.1881944,99.84,no,judgementExparte
1261,3648,735.0416667,155.04,no,Remand
1262,3649,735.1881944,23.90,no,Dismiss
1263,3650,736.0416667,1.98,no,Reject
1265,3652,738.0416667,0.96,no,Reject
1266,3653,738.1881944,122.92,no,Dismiss
1267,3654,739.0416667,1.96,no,DefaultDismiss
1268,3655,739.1881944,48.81,no,Dismiss
1269,3656,740.0416667,133.00,no,Remand
1270,3657,740.1881944,110.91,no,Partlyallow
1271,3658,741.0416667,1.99,no,Dismiss
1272,3659,741.1881944,118.84,no,Partlyallow
1273,3660,742.0416667,39.98,no,DefaultDismiss
1274,3661,742.1881944,82.89,no,judgementExparte
1275,3662,743.0416667,121.19,no,AllowAppeal
1276,3663,743.1881944,116.09,no,Remand
1277,3664,745.0416667,163.00,no,Dismiss
1278,3665,745.1881944,136.03,no,Remand
1279,3666,746.0416667,46.26,no,Dismiss
1280,3667,746.1881944,3.81,no,DefaultDismiss
1282,3669,747.1881944,50.84,no,Dismiss
1283,3670,748.0416667,132.28,no,Remand
1284,3671,748.1881944,4.06,no,Dismiss
1285,3672,749.0416667,131.05,no,Dismiss
1286,3673,749.1881944,62.81,no,Dismiss
1287,3674,750.0416667,136.99,no,AllowAppeal
1288,3675,750.1881944,135.82,no,Remand
1289,3676,752.0416667,145.01,no,AllowAppeal
1290,3677,752.1881944,3.94,no,Dismiss
1291,3678,753.0416667,139.98,no,AllowAppeal
1292,3679,753.1881944,17.84,no,Dismiss
1293,3680,754.0416667,212.30,no,judgementExparte
1294,3681,754.1881944,132.81,no,Dismiss
1295,3682,755.0416667,124.06,no,Dismiss
1296,3683,755.1881944,127.87,no,AllowAppeal
1297,3684,756.0416667,140.04,no,Remand
1298,3685,756.1881944,97.88,no,judgementExparte
1299,3686,757.0416667,130.99,no,Dismiss
1300,3687,757.1881944,3.88,no,Dismiss
1301,3688,759.0416667,148.98,no,Partlyallow
1302,3689,759.1881944,18.89,no,Dismiss
1303,3690,760.0416667,139.07,no,Dismiss
1304,3691,760.1881944,141.86,no,AllowAppeal
1305,3692,761.0416667,135.23,no,Dismiss
1306,3693,761.1881944,135.95,no,Partlyallow
1307,3694,762.0416667,144.09,no,Dismiss
1308,3695,762.1881944,138.83,no,Remand
1309,3696,763.0416667,45.02,no,Dismiss
1310,3697,763.1881944,137.81,no,Dismiss
1311,3698,764.0416667,40.06,no,Dismiss
1312,3699,764.1881944,135.86,no,AllowAppeal
1313,3700,766.0416667,18.16,no,Dismiss
1314,3701,766.1881944,4.00,no,Dismiss
1315,3702,767.0416667,141.97,no,Remand
1317,3704,768.0416667,124.08,no,AllowAppeal
1318,3705,768.1881944,135.86,no,Dismiss
1319,3706,769.0416667,3.96,no,Dismiss
1320,3707,769.1881944,104.90,no,Dismiss
1321,3708,770.0416667,3.17,no,Dismiss
1322,3709,770.1881944,2.91,no,Dismiss
1323,3710,771.0416667,2.96,no,DefaultDismiss
1324,3711,771.1881944,148.94,no,Dismiss
1325,3712,773.0416667,58.06,no,Dismiss
1326,3713,773.1881944,126.04,no,Dismiss
1328,3715,774.1881944,143.15,no,Remand
1329,3716,775.0416667,29.12,no,DefaultDismiss
1330,3717,775.1881944,142.84,no,Partlyallow
1331,3718,776.0416667,2.01,no,Dismiss
1332,3719,776.1881944,3.89,no,Dismiss
1333,3720,777.0416667,243.12,no,judgementExparte
1334,3721,777.1881944,18.84,no,Dismiss
1335,3722,778.0416667,0.30,no,Reject
1336,3723,778.1881944,264.87,no,judgementExparte
1337,3724,780.0416667,134.98,no,AllowAppeal
1338,3725,780.1881944,21.81,no,DefaultDismiss
1339,3726,781.0416667,125.04,no,AllowAppeal
1340,3727,781.1881944,12.91,no,Dismiss
1342,3729,782.1881944,2.81,no,DefaultDismiss
1343,3730,783.0416667,42.97,no,judgementExparte
1344,3731,783.1881944,164.86,no,judgementExparte
1345,3732,784.0416667,124.23,no,Dismiss
1346,3733,784.1881944,275.84,no,judgementExparte
1347,3734,785.0416667,0.27,no,Reject
1348,3735,785.1881944,40.85,no,judgementExparte
1349,3736,787.0416667,123.15,no,AllowAppeal
1350,3737,787.1881944,130.92,no,AllowAppeal
1351,3738,788.0416667,127.01,no,Remand
1352,3739,788.1881944,48.16,no,Dismiss
1353,3740,789.0416667,121.00,no,Dismiss
1354,3741,789.1881944,124.83,no,Dismiss
1355,3742,790.0416667,0.27,no,Reject
1356,3743,790.1881944,49.88,no,judgementExparte
1357,3744,791.0416667,57.11,no,judgementExparte
1358,3745,791.1881944,125.87,no,Remand
1359,3746,792.0416667,130.01,no,Remand
1360,3747,792.1881944,54.01,no,DefaultDismiss
1361,3748,794.0416667,142.97,no,Partlyallow
1363,3750,795.0416667,17.01,no,Dismiss
1364,3751,795.1881944,49.81,no,Dismiss
1365,3752,796.0416667,134.05,no,Dismiss
1366,3753,796.1881944,21.81,no,DefaultDismiss
1367,3754,797.0416667,132.15,no,Partlyallow
1368,3755,797.1881944,127.17,no,Remand
1369,3756,798.0416667,87.11,no,judgementExparte
1370,3757,798.1881944,1.03,no,Reject
1372,3759,799.1881944,1.91,no,Reject
1373,3760,801.0416667,3.98,no,Dismiss
1374,3761,801.1881944,114.84,no,Dismiss
1375,3762,802.0416667,132.11,no,AllowAppeal
1376,3763,802.1881944,149.85,no,Remand
1377,3764,803.0416667,37.96,no,Dismiss
1378,3765,803.1881944,130.86,no,AllowAppeal
1379,3766,804.0416667,58.03,no,Dismiss
1380,3767,804.1881944,3.90,no,Dismiss
1381,3768,805.0416667,3.11,no,Dismiss
1382,3769,805.1881944,2.88,no,Dismiss
1383,3770,806.0416667,139.28,no,Dismiss
1384,3771,806.1881944,124.02,no,Remand
1385,3772,808.0416667,42.03,no,Dismiss
1386,3773,808.1881944,4.85,no,Dismiss
1387,3774,809.0416667,130.16,no,Dismiss
1388,3775,809.1881944,132.87,no,Remand
1389,3776,810.0416667,138.08,no,Remand
1390,3777,810.1881944,110.11,no,Dismiss
1391,3778,811.0416667,130.98,no,AllowAppeal
1392,3779,811.1881944,17.81,no,DefaultDismiss
1393,3780,812.0416667,139.08,no,Partlyallow
1394,3781,812.1881944,9.96,no,Dismiss
1395,3782,813.0416667,142.08,no,Dismiss
1396,3783,813.1881944,146.89,no,Remand
1397,3784,815.0416667,2.24,no,DefaultDismiss
1398,3785,815.1881944,148.82,no,Partlyallow
1399,3786,816.0416667,18.05,no,Dismiss
1400,3787,816.1881944,0.94,no,Reject
1401,3788,817.0416667,125.31,no,Partlyallow
1402,3789,817.1881944,11.90,no,Dismiss
1403,3790,818.0416667,119.03,no,Dismiss
1404,3791,818.1881944,244.03,no,judgementExparte
1405,3792,819.0416667,33.96,no,DefaultDismiss
1406,3793,819.1881944,254.89,no,judgementExparte
1407,3794,820.0416667,107.07,no,Dismiss
1408,3795,820.1881944,5.86,no,Dismiss
1409,3796,822.0416667,141.22,no,AllowAppeal
1410,3797,822.1881944,146.96,no,Dismiss
1411,3798,823.0416667,146.98,no,AllowAppeal
1412,3799,823.1881944,127.86,no,Remand
1413,3800,824.0416667,135.03,no,AllowAppeal
1414,3801,824.1881944,42.85,no,judgementExparte
1415,3802,825.0416667,155.00,no,judgementExparte
1416,3803,825.1881944,188.95,no,DefaultDismiss
1417,3804,826.0416667,19.97,no,Dismiss
1418,3805,826.1881944,129.06,no,Remand
1419,3806,827.0416667,0.26,no,Reject
1420,3807,827.1881944,141.90,no,AllowAppeal
1421,3808,829.0416667,147.03,no,Dismiss
1422,3809,829.1881944,136.12,no,AllowAppeal
1423,3810,830.0416667,137.02,no,Remand
1424,3811,830.1881944,139.87,no,Partlyallow
1425,3812,831.0416667,19.07,no,Dismiss
1426,3813,831.1881944,35.85,no,Dismiss
1427,3814,832.0416667,128.00,no,AllowAppeal
1428,3815,832.1881944,147.86,no,AllowAppeal
1429,3816,833.0416667,0.30,no,Reject
1430,3817,833.1881944,130.92,no,Dismiss
1431,3818,834.0416667,5.05,no,Dismiss
1432,3819,834.1881944,3.84,no,Dismiss
1433,3820,836.0416667,19.18,no,Dismiss
1434,3821,836.1881944,36.10,no,Dismiss
1435,3822,837.0416667,40.99,no,Dismiss
1436,3823,837.1881944,152.96,no,judgementExparte
1437,3824,838.0416667,117.08,no,Dismiss
1438,3825,838.1881944,0.89,no,Reject
1439,3826,839.0416667,154.03,no,Dismiss
1440,3827,839.1881944,3.87,no,Dismiss
1442,3829,840.1881944,133.12,no,Dismiss
1443,3830,841.0416667,32.96,no,DefaultDismiss
1444,3831,841.1881944,219.89,no,judgementExparte
1445,3832,843.0416667,2.96,no,DefaultDismiss
1446,3833,843.1881944,3.93,no,Dismiss
1447,3834,844.0416667,3.22,no,Dismiss
1448,3835,844.1881944,134.84,no,Remand
1449,3836,845.0416667,161.12,no,Dismiss
1450,3837,845.1881944,42.83,no,Dismiss
1451,3838,846.0416667,141.09,no,Dismiss
1452,3839,846.1881944,122.93,no,Dismiss
1453,3840,847.0416667,260.02,no,judgementExparte
1454,3841,847.1881944,120.03,no,Remand
1455,3842,848.0416667,52.96,no,DefaultDismiss
1456,3843,848.1881944,4.15,no,Dismiss
1457,3844,850.0416667,36.02,no,DefaultDismiss
1458,3845,850.1881944,55.85,no,DefaultDismiss
1459,3846,851.0416667,2.00,no,Dismiss
1460,3847,851.1881944,20.85,no,Dismiss
1461,3848,852.0416667,140.09,no,Partlyallow
1462,3849,852.1881944,131.03,no,Dismiss
1463,3850,853.0416667,123.01,no,Remand
1464,3851,853.1881944,20.81,no,DefaultDismiss
1465,3852,854.0416667,144.01,no,Remand
1466,3853,854.1881944,144.87,no,Dismiss
1467,3854,855.0416667,152.00,no,Dismiss
1468,3855,855.1881944,155.91,no,AllowAppeal
1469,3856,857.0416667,4.06,no,Dismiss
1470,3857,857.1881944,44.16,no,judgementExparte
1471,3858,858.0416667,37.96,no,Dismiss
1472,3859,858.1881944,152.88,no,Partlyallow
1473,3860,859.0416667,126.08,no,AllowAppeal
1474,3861,859.1881944,2.86,no,Dismiss
1475,3862,860.0416667,153.01,no,AllowAppeal
1476,3863,860.1881944,115.87,no,Dismiss
1477,3864,861.0416667,120.04,no,AllowAppeal
1478,3865,861.1881944,97.14,no,judgementExparte
1479,3866,862.0416667,121.08,no,AllowAppeal
1480,3867,862.1881944,90.83,no,judgementExparte
1481,3868,864.0416667,140.98,no,Remand
1482,3869,864.1881944,10.85,no,Dismiss
1483,3870,865.0416667,12.99,no,DefaultDismiss
1484,3871,865.1881944,131.91,no,Dismiss
1486,3873,866.1881944,123.86,no,Partlyallow
1488,3875,867.1881944,110.84,no,Dismiss
1489,3876,868.0416667,17.03,no,Dismiss
1490,3877,868.1881944,2.90,no,Dismiss
1491,3878,869.0416667,121.01,no,Partlyallow
1492,3879,869.1881944,152.03,no,Partlyallow
1493,3880,871.0416667,130.96,no,Partlyallow
1494,3881,871.1881944,0.90,no,Reject
1495,3882,872.0416667,142.05,no,Remand
1496,3883,872.1881944,49.84,no,Dismiss
1497,3884,873.0416667,5.05,no,Dismiss
1498,3885,873.1881944,121.86,no,Dismiss
1499,3886,874.0416667,4.03,no,Dismiss
1500,3887,874.1881944,119.89,no,Partlyallow
1501,3888,875.0416667,3.05,no,Dismiss
1502,3889,875.1881944,3.84,no,Dismiss
1503,3890,876.0416667,128.99,no,Dismiss
1504,3891,876.1881944,121.02,no,Partlyallow
1505,3892,878.0416667,0.99,no,Reject
1506,3893,878.1881944,2.83,no,Dismiss
1507,3894,879.0416667,47.99,no,Dismiss
1508,3895,879.1881944,135.84,no,Dismiss
1509,3896,880.0416667,48.98,no,Dismiss
1510,3897,880.1881944,249.93,no,judgementExparte
1511,3898,881.0416667,20.00,no,Dismiss
1512,3899,881.1881944,185.87,no,Dismiss
1513,3900,882.0416667,88.99,no,judgementExparte
1514,3901,882.1881944,144.86,no,Dismiss
1515,3902,883.0416667,118.01,no,Dismiss
1516,3903,883.1881944,36.87,no,Dismiss
1517,3904,885.0416667,134.01,no,Partlyallow
1518,3905,885.1881944,1.09,no,Reject
1520,3907,886.1881944,131.85,no,Remand
1521,3908,887.0416667,5.11,no,Dismiss
1522,3909,887.1881944,102.91,no,Dismiss
1523,3910,888.0416667,0.28,no,Reject
1524,3911,888.1881944,4.08,no,DefaultDismiss
1525,3912,889.0416667,0.28,no,Reject
1526,3913,889.1881944,46.89,no,Dismiss
1527,3914,890.0416667,122.01,no,Dismiss
1528,3915,890.1881944,46.10,no,Dismiss
1529,3916,892.0416667,17.02,no,Dismiss
1530,3917,892.1881944,13.90,no,Dismiss
1531,3918,893.0416667,140.00,no,Dismiss
1532,3919,893.1881944,150.90,no,Dismiss
1533,3920,894.0416667,3.04,no,Dismiss
1534,3921,894.1881944,132.84,no,AllowAppeal
1535,3922,895.0416667,144.12,no,AllowAppeal
1536,3923,895.1881944,90.88,no,Dismiss
1537,3924,896.0416667,123.99,no,Remand
1538,3925,896.1881944,131.87,no,Dismiss
1539,3926,897.0416667,47.04,no,DefaultDismiss
1540,3927,897.1881944,4.85,no,Dismiss
1541,3928,899.0416667,113.26,no,Partlyallow
1542,3929,899.1881944,3.91,no,Dismiss
1543,3930,900.0416667,153.18,no,Partlyallow
1544,3931,900.1881944,2.92,no,Dismiss
1545,3932,901.0416667,135.00,no,Dismiss
1546,3933,901.1881944,146.14,no,Remand
1547,3934,902.0416667,0.30,no,Reject
1548,3935,902.1881944,125.95,no,Dismiss
1549,3936,903.0416667,3.08,no,Dismiss
1550,3937,903.1881944,40.86,no,Dismiss
1551,3938,904.0416667,2.05,no,Dismiss
1554,3941,906.1881944,50.83,no,Dismiss
1555,3942,907.0416667,2.97,no,Dismiss
1556,3943,907.1881944,120.88,no,Dismiss
1557,3944,908.0416667,2.96,no,DefaultDismiss
1558,3945,908.1881944,4.94,no,Dismiss
1559,3946,909.0416667,118.05,no,Remand
1560,3947,909.1881944,124.17,no,Partlyallow
1561,3948,910.0416667,3.08,no,Dismiss
1562,3949,910.1881944,31.84,no,DefaultDismiss
1563,3950,911.0416667,5.02,no,Dismiss
1564,3951,911.1881944,50.85,no,Dismiss
1565,3952,913.0416667,3.96,no,DefaultDismiss
1566,3953,913.1881944,44.88,no,Dismiss
1567,3954,914.0416667,239.04,no,judgementExparte
1568,3955,914.1881944,20.84,no,Dismiss
1569,3956,915.0416667,0.28,no,Reject
1570,3957,915.1881944,119.97,no,AllowAppeal
1571,3958,916.0416667,112.22,no,judgementExparte
1572,3959,916.1881944,3.92,no,Dismiss
1573,3960,917.0416667,102.02,no,judgementExparte
1574,3961,917.1881944,76.86,no,Dismiss
1575,3962,918.0416667,185.19,no,Dismiss
1576,3963,918.1881944,4.87,no,Dismiss
1577,3964,920.0416667,143.99,no,Remand
1578,3965,920.1881944,130.11,no,Remand
1579,3966,921.0416667,4.01,no,Dismiss
1580,3967,921.1881944,243.83,no,judgementExparte
1581,3968,922.0416667,129.17,no,Partlyallow
1582,3969,922.1881944,0.92,no,Reject
1583,3970,923.0416667,0.26,no,Reject
1584,3971,923.1881944,137.84,no,Dismiss
1585,3972,924.0416667,0.27,no,Reject
1586,3973,924.1881944,148.11,no,AllowAppeal
1587,3974,925.0416667,132.00,no,AllowAppeal
1588,3975,925.1881944,145.16,no,Dismiss
1589,3976,927.0416667,116.23,no,Remand
1590,3977,927.1881944,136.87,no,AllowAppeal
1591,3978,928.0416667,0.98,no,Reject
1592,3979,928.1881944,0.94,no,Reject
1593,3980,929.0416667,2.99,no,Dismiss
1594,3981,929.1881944,103.83,no,judgementExparte
1595,3982,930.0416667,0.27,no,Reject
1596,3983,930.1881944,150.83,no,Remand
1597,3984,931.0416667,10.20,no,Dismiss
1598,3985,931.1881944,100.89,no,judgementExparte
1599,3986,932.0416667,142.22,no,Remand
1600,3987,932.1881944,149.86,no,Dismiss
1601,3988,934.0416667,127.05,no,AllowAppeal
1602,3989,934.1881944,189.92,no,judgementExparte
1603,3990,935.0416667,121.31,no,Dismiss
1604,3991,935.1881944,37.97,no,Dismiss
1605,3992,936.0416667,127.06,no,Dismiss
1606,3993,936.1881944,4.95,no,Dismiss
1607,3994,937.0416667,21.96,no,DefaultDismiss
1608,3995,937.1881944,1.03,no,Reject
1609,3996,938.0416667,1.09,no,Reject
1610,3997,938.1881944,140.84,no,Dismiss
1611,3998,939.0416667,2.04,no,Reject
1612,3999,939.1881944,3.81,no,DefaultDismiss
1613,4000,941.0416667,120.99,no,Dismiss
1614,4001,941.1881944,142.93,no,Partlyallow
1615,4002,942.0416667,0.24,no,Reject
1616,4003,942.1881944,68.89,no,Dismiss
1617,4004,943.0416667,3.03,no,Dismiss
1618,4005,943.1881944,156.98,no,Partlyallow
1619,4006,944.0416667,150.98,no,Remand
1620,4007,944.1881944,152.85,no,Remand
1621,4008,945.0416667,147.19,no,Dismiss
1622,4009,945.1881944,110.93,no,Dismiss
1623,4010,946.0416667,118.99,no,Partlyallow
1624,4011,946.1881944,113.93,no,Dismiss
1625,4012,948.0416667,155.23,no,AllowAppeal
1626,4013,948.1881944,146.94,no,Dismiss
1627,4014,949.0416667,3.06,no,Dismiss
1628,4015,949.1881944,132.84,no,AllowAppeal
1629,4016,950.0416667,96.27,no,judgementExparte
1630,4017,950.1881944,2.84,no,Dismiss
1631,4018,951.0416667,160.08,no,Dismiss
1632,4019,951.1881944,0.91,no,Reject
1633,4020,952.0416667,136.30,no,AllowAppeal
1634,4021,952.1881944,143.88,no,Remand
1635,4022,953.0416667,123.29,no,AllowAppeal
1636,4023,953.1881944,163.85,no,Dismiss
1639,4026,956.0416667,132.99,no,judgementExparte
1640,4027,956.1881944,0.89,no,Reject
1642,4029,957.1881944,138.83,no,Remand
1644,4031,958.1881944,129.93,no,Dismiss
1645,4032,959.0416667,3.07,no,Dismiss
1646,4033,959.1881944,128.91,no,AllowAppeal
1647,4034,960.0416667,166.98,no,Dismiss
1648,4035,960.1881944,142.84,no,Partlyallow
1650,4037,962.1881944,116.11,no,Partlyallow
1651,4038,963.0416667,132.02,no,Remand
1652,4039,963.1881944,3.87,no,Dismiss
1653,4040,964.0416667,157.22,no,AllowAppeal
1654,4041,964.1881944,127.13,no,Dismiss
1655,4042,965.0416667,4.07,no,Dismiss
1656,4043,965.1881944,17.91,no,Dismiss
1657,4044,966.0416667,3.07,no,Dismiss
1658,4045,966.1881944,41.87,no,DefaultDismiss
1659,4046,967.0416667,19.07,no,Dismiss
1660,4047,967.1881944,80.85,no,judgementExparte
1661,4048,969.0416667,0.28,no,Reject
1662,4049,969.1881944,158.83,no,Partlyallow
1663,4050,970.0416667,140.01,no,Dismiss
1664,4051,970.1881944,138.87,no,Partlyallow
1665,4052,971.0416667,12.06,no,Dismiss
1666,4053,971.1881944,47.83,no,judgementExparte
1667,4054,972.0416667,151.98,no,AllowAppeal
1668,4055,972.1881944,129.88,no,Partlyallow
1669,4056,973.0416667,108.99,no,Dismiss
1670,4057,973.1881944,114.94,no,AllowAppeal
1671,4058,974.0416667,140.01,no,AllowAppeal
1672,4059,974.1881944,16.84,no,Dismiss
1673,4060,976.0416667,101.05,no,Dismiss
1674,4061,976.1881944,146.94,no,AllowAppeal
1675,4062,977.0416667,94.04,no,judgementExparte
1676,4063,977.1881944,132.11,no,Dismiss
1677,4064,978.0416667,145.11,no,Remand
1678,4065,978.1881944,82.92,no,judgementExparte
1679,4066,979.0416667,133.09,no,Dismiss
1680,4067,979.1881944,143.84,no,Remand
1681,4068,980.0416667,143.98,no,Partlyallow
1682,4069,980.1881944,131.94,no,Dismiss
1683,4070,981.0416667,1.96,no,Reject
1684,4071,981.1881944,4.84,no,Dismiss
1685,4072,983.0416667,126.10,no,Remand
1686,4073,983.1881944,3.83,no,Dismiss
1687,4074,984.0416667,20.04,no,Dismiss
1688,4075,984.1881944,40.85,no,Dismiss
1689,4076,985.0416667,60.99,no,Dismiss
1690,4077,985.1881944,0.95,no,Reject
1691,4078,986.0416667,4.08,no,Dismiss
1692,4079,986.1881944,120.08,no,Remand
1694,4081,987.1881944,0.94,no,Reject
1695,4082,988.0416667,48.12,no,Dismiss
1696,4083,988.1881944,3.97,no,Dismiss
1697,4084,990.0416667,126.11,no,Dismiss
1698,4085,990.1881944,120.14,no,Dismiss
1699,4086,991.0416667,132.04,no,Remand
1701,4088,992.0416667,2.08,no,Dismiss
1702,4089,992.1881944,41.84,no,Dismiss
1703,4090,993.0416667,35.98,no,DefaultDismiss
1704,4091,993.1881944,50.88,no,Dismiss
1706,4093,994.1881944,0.84,no,Reject
1707,4094,995.0416667,0.30,no,Reject
1708,4095,995.1881944,129.84,no,AllowAppeal
1709,4096,997.0416667,0.30,no,Reject
1710,4097,997.1881944,114.84,no,Remand
1711,4098,998.0416667,126.01,no,Partlyallow
1712,4099,998.1881944,131.96,no,Dismiss
1713,4100,999.0416667,31.05,no,Dismiss
1714,4101,999.1881944,140.82,no,AllowAppeal
1715,4102,1000.041667,4.01,no,Dismiss
1716,4103,1000.188194,3.89,no,Dismiss
1717,4104,1001.041667,136.99,no,Dismiss
1718,4105,1001.188194,136.11,no,Dismiss
1719,4106,1002.041667,112.30,no,Dismiss
1720,4107,1002.188194,128.89,no,Dismiss
1721,4108,1004.041667,32.98,no,Dismiss
1723,4110,1005.041667,93.12,no,judgementExparte
1724,4111,1005.188194,139.84,no,Dismiss
1725,4112,1006.041667,139.25,no,Partlyallow
1726,4113,1006.188194,123.84,no,Partlyallow
1727,4114,1007.041667,60.05,no,Dismiss
1728,4115,1007.188194,122.90,no,AllowAppeal
1729,4116,1008.041667,117.98,no,Remand
1730,4117,1008.188194,132.88,no,Dismiss
1731,4118,1009.041667,122.02,no,Dismiss
1732,4119,1009.188194,141.96,no,Partlyallow
1733,4120,1011.041667,147.09,no,Remand
1734,4121,1011.188194,112.92,no,Remand
1735,4122,1012.041667,114.28,no,Dismiss
1736,4123,1012.188194,149.05,no,Dismiss
1737,4124,1013.041667,35.03,no,DefaultDismiss
1738,4125,1013.188194,180.85,no,Partlyallow
1739,4126,1014.041667,4.02,no,Dismiss
1741,4128,1015.041667,38.99,no,DefaultDismiss
1742,4129,1015.188194,104.90,no,Partlyallow
1743,4130,1016.041667,146.18,no,AllowAppeal
1744,4131,1016.188194,148.88,no,Partlyallow
1745,4132,1018.041667,3.19,no,Dismiss
1746,4133,1018.188194,4.81,no,DefaultDismiss
1747,4134,1019.041667,100.04,no,Dismiss
1748,4135,1019.188194,149.90,no,Dismiss
1749,4136,1020.041667,121.01,no,AllowAppeal
1750,4137,1020.188194,159.89,no,Partlyallow
1752,4139,1021.188194,22.89,no,Dismiss
1753,4140,1022.041667,3.04,no,Dismiss
1754,4141,1022.188194,21.81,no,DefaultDismiss
1755,4142,1023.041667,93.04,no,judgementExparte
1756,4143,1023.188194,89.87,no,judgementExparte
1757,4144,1025.041667,2.18,no,Dismiss
1758,4145,1025.188194,153.85,no,Remand
1759,4146,1026.041667,97.01,no,judgementExparte
1760,4147,1026.188194,42.09,no,judgementExparte
1761,4148,1027.041667,12.07,no,Dismiss
1762,4149,1027.188194,3.03,no,Dismiss
1763,4150,1028.041667,149.01,no,judgementExparte
1764,4151,1028.188194,166.86,no,judgementExparte
1765,4152,1029.041667,148.23,no,Dismiss
1766,4153,1029.188194,146.94,no,Remand
1767,4154,1030.041667,2.26,no,Dismiss
1768,4155,1030.188194,136.90,no,Dismiss
1769,4156,1032.041667,137.02,no,Dismiss
1770,4157,1032.188194,2.91,no,Dismiss
1771,4158,1033.041667,16.96,no,DefaultDismiss
1772,4159,1033.188194,250.87,no,judgementExparte
1773,4160,1034.041667,53.99,no,Dismiss
1774,4161,1034.188194,117.90,no,AllowAppeal
1775,4162,1035.041667,123.24,no,AllowAppeal
1776,4163,1035.188194,113.84,no,AllowAppeal
1777,4164,1036.041667,132.04,no,Partlyallow
1778,4165,1036.188194,1.11,no,Reject
1779,4166,1037.041667,4.01,no,Dismiss
1780,4167,1037.188194,155.95,no,Dismiss
1781,4168,1039.041667,126.21,no,Partlyallow
1782,4169,1039.188194,128.10,no,Remand
1783,4170,1040.041667,50.03,no,judgementExparte
1784,4171,1040.188194,169.88,no,Remand
1785,4172,1041.041667,36.96,no,Dismiss
1786,4173,1041.188194,123.88,no,Dismiss
1787,4174,1042.041667,50.02,no,Dismiss
1788,4175,1042.188194,156.14,no,judgementExparte
1790,4177,1043.188194,110.03,no,Remand
1791,4178,1044.041667,0.24,no,Reject
1792,4179,1044.188194,137.90,no,Remand
1793,4180,1046.041667,0.25,no,Reject
1794,4181,1046.188194,123.84,no,Dismiss
1797,4184,1048.041667,145.26,no,judgementExparte
1799,4186,1049.041667,2.18,no,Dismiss
1800,4187,1049.188194,3.89,no,Dismiss
1801,4188,1050.041667,135.98,no,AllowAppeal
1802,4189,1050.188194,123.08,no,Dismiss
1803,4190,1051.041667,0.30,no,Reject
1804,4191,1051.188194,179.92,no,judgementExparte
1805,4192,1053.041667,138.03,no,Partlyallow
1806,4193,1053.188194,30.90,no,Dismiss
1807,4194,1054.041667,23.02,no,Dismiss
1808,4195,1054.188194,143.88,no,Dismiss
1809,4196,1055.041667,128.00,no,Dismiss
1810,4197,1055.188194,120.91,no,Dismiss
1811,4198,1056.041667,20.15,no,Dismiss
1812,4199,1056.188194,3.97,no,Dismiss
1813,4200,1057.041667,118.06,no,Remand
1814,4201,1057.188194,149.86,no,Remand
1815,4202,1058.041667,125.04,no,Dismiss
1816,4203,1058.188194,46.08,no,DefaultDismiss
1817,4204,1060.041667,19.17,no,Dismiss
1818,4205,1060.188194,1.12,no,Reject
1819,4206,1061.041667,116.26,no,Dismiss
1820,4207,1061.188194,155.83,no,AllowAppeal
1821,4208,1062.041667,3.04,no,Dismiss
1822,4209,1062.188194,139.97,no,Dismiss
1823,4210,1063.041667,123.08,no,Dismiss
1824,4211,1063.188194,10.93,no,Dismiss
1825,4212,1064.041667,42.03,no,judgementExparte
1826,4213,1064.188194,9.93,no,Dismiss
1827,4214,1065.041667,20.00,no,Dismiss
1828,4215,1065.188194,2.03,no,Reject
1829,4216,1067.041667,126.98,no,Dismiss
1830,4217,1067.188194,130.92,no,AllowAppeal
1831,4218,1068.041667,0.97,no,Reject
1832,4219,1068.188194,5.93,no,Dismiss
1833,4220,1069.041667,123.99,no,Partlyallow
1834,4221,1069.188194,128.86,no,Dismiss
1835,4222,1070.041667,67.01,no,judgementExparte
1836,4223,1070.188194,4.85,no,Dismiss
1837,4224,1071.041667,0.30,no,Reject
1838,4225,1071.188194,0.95,no,Reject
1839,4226,1072.041667,88.98,no,judgementExparte
1840,4227,1072.188194,4.87,no,Dismiss
1841,4228,1074.041667,94.03,no,judgementExparte
1842,4229,1074.188194,146.89,no,AllowAppeal
1843,4230,1075.041667,109.12,no,Dismiss
1845,4232,1076.041667,16.04,no,Dismiss
1846,4233,1076.188194,35.10,no,Dismiss
1847,4234,1077.041667,130.01,no,Remand
1848,4235,1077.188194,143.97,no,Partlyallow
1849,4236,1078.041667,148.18,no,AllowAppeal
1850,4237,1078.188194,0.88,no,Reject
1851,4238,1079.041667,125.02,no,Partlyallow
1852,4239,1079.188194,12.89,no,Dismiss
1853,4240,1081.041667,115.17,no,Remand
1854,4241,1081.188194,121.84,no,Partlyallow
1855,4242,1082.041667,140.05,no,Dismiss
1856,4243,1082.188194,106.83,no,Remand
1857,4244,1083.041667,15.03,no,Dismiss
1858,4245,1083.188194,120.13,no,Partlyallow
1859,4246,1084.041667,116.18,no,Remand
1860,4247,1084.188194,48.87,no,Dismiss
1861,4248,1085.041667,113.02,no,Partlyallow
1862,4249,1085.188194,89.13,no,Dismiss
1863,4250,1086.041667,138.98,no,Partlyallow
1864,4251,1086.188194,90.83,no,judgementExparte
1865,4252,1088.041667,132.96,no,Dismiss
1866,4253,1088.188194,17.81,no,DefaultDismiss
1867,4254,1089.041667,13.10,no,Dismiss
1868,4255,1089.188194,101.94,no,judgementExparte
1869,4256,1090.041667,127.02,no,Dismiss
1870,4257,1090.188194,137.88,no,AllowAppeal
1871,4258,1091.041667,125.98,no,Remand
1873,4260,1092.041667,144.02,no,Partlyallow
1874,4261,1092.188194,136.84,no,Partlyallow
1875,4262,1093.041667,107.07,no,AllowAppeal
1876,4263,1093.188194,109.90,no,Partlyallow
1877,4264,1095.041667,2.31,no,Dismiss
1878,4265,1095.188194,1.03,no,Reject
1879,4266,1096.041667,125.09,no,Partlyallow
1880,4267,1096.188194,149.91,no,Partlyallow
1881,4268,1097.041667,21.22,no,Dismiss
1882,4269,1097.188194,44.84,no,DefaultDismiss
1883,4270,1098.041667,125.02,no,AllowAppeal
1884,4271,1098.188194,151.86,no,Dismiss
1885,4272,1099.041667,127.27,no,Dismiss
1886,4273,1099.188194,53.92,no,Dismiss
1887,4274,1100.041667,109.30,no,Dismiss
1888,4275,1100.188194,51.15,no,Dismiss
1889,4276,1102.041667,11.02,no,Dismiss
1890,4277,1102.188194,114.09,no,Dismiss
1891,4278,1103.041667,132.06,no,Remand
1892,4279,1103.188194,120.84,no,DefaultDismiss
1893,4280,1104.041667,3.02,no,Dismiss
1894,4281,1104.188194,98.89,no,judgementExparte
1896,4283,1105.188194,46.03,no,judgementExparte
1897,4284,1106.041667,56.02,no,Dismiss
1898,4285,1106.188194,98.87,no,judgementExparte
1899,4286,1107.041667,18.96,no,DefaultDismiss
1900,4287,1107.188194,4.87,no,Dismiss
1901,4288,1109.041667,133.15,no,Dismiss
1902,4289,1109.188194,149.02,no,Dismiss
1903,4290,1110.041667,268.03,no,judgementExparte
1904,4291,1110.188194,162.90,no,AllowAppeal
1905,4292,1111.041667,119.01,no,Partlyallow
1906,4293,1111.188194,3.02,no,Dismiss
1907,4294,1112.041667,134.02,no,Dismiss
1908,4295,1112.188194,82.90,no,judgementExparte
1910,4297,1113.188194,46.81,no,DefaultDismiss
1911,4298,1114.041667,13.27,no,Dismiss
1912,4299,1114.188194,148.88,no,judgementExparte
1913,4300,1116.041667,133.10,no,Dismiss
1914,4301,1116.188194,115.84,no,Dismiss
1915,4302,1117.041667,47.96,no,Dismiss
1916,4303,1117.188194,124.98,no,Remand
1917,4304,1118.041667,56.04,no,judgementExparte
1918,4305,1118.188194,119.89,no,Dismiss
1919,4306,1119.041667,15.02,no,Dismiss
1920,4307,1119.188194,0.89,no,Reject
1921,4308,1120.041667,129.18,no,Dismiss
1922,4309,1120.188194,130.89,no,AllowAppeal
1923,4310,1121.041667,112.04,no,AllowAppeal
1924,4311,1121.188194,4.93,no,Dismiss
1925,4312,1123.041667,107.99,no,judgementExparte
1926,4313,1123.188194,48.89,no,Dismiss
1927,4314,1124.041667,118.07,no,Dismiss
1928,4315,1124.188194,120.87,no,Dismiss
1929,4316,1125.041667,0.27,no,Reject
1930,4317,1125.188194,148.92,no,Dismiss
1931,4318,1126.041667,3.96,no,DefaultDismiss
1932,4319,1126.188194,123.85,no,Dismiss
1933,4320,1127.041667,6.02,no,Dismiss
1934,4321,1127.188194,73.83,no,judgementExparte
1935,4322,1128.041667,2.00,no,Reject
1936,4323,1128.188194,96.83,no,judgementExparte
1937,4324,1130.041667,3.02,no,Dismiss
1938,4325,1130.188194,3.83,no,Dismiss
1939,4326,1131.041667,125.99,no,Dismiss
1940,4327,1131.188194,139.85,no,Dismiss
1941,4328,1132.041667,187.00,no,Remand
1942,4329,1132.188194,127.97,no,Partlyallow
1943,4330,1133.041667,197.09,no,judgementExparte
1944,4331,1133.188194,88.85,no,judgementExparte
1945,4332,1134.041667,122.02,no,AllowAppeal
1946,4333,1134.188194,0.95,no,Reject
1947,4334,1135.041667,44.12,no,Dismiss
1948,4335,1135.188194,141.89,no,Dismiss
1949,4336,1137.041667,42.06,no,judgementExparte
1951,4338,1138.041667,104.26,no,Dismiss
1952,4339,1138.188194,229.87,no,judgementExparte
1953,4340,1139.041667,0.21,no,Reject
1954,4341,1139.188194,147.96,no,Dismiss
1955,4342,1140.041667,98.99,no,judgementExparte
1956,4343,1140.188194,220.93,no,judgementExparte
1957,4344,1141.041667,3.10,no,Dismiss
1958,4345,1141.188194,44.84,no,Dismiss
1959,4346,1142.041667,128.06,no,Remand
1960,4347,1142.188194,3.89,no,Dismiss
1961,4348,1144.041667,150.98,no,Remand
1962,4349,1144.188194,137.91,no,Partlyallow
1963,4350,1145.041667,104.05,no,judgementExparte
1964,4351,1145.188194,81.03,no,judgementExparte
1965,4352,1146.041667,208.15,no,Dismiss
1966,4353,1146.188194,44.16,no,Dismiss
1967,4354,1147.041667,4.04,no,Dismiss
1968,4355,1147.188194,61.86,no,Dismiss
1969,4356,1148.041667,3.06,no,Dismiss
1970,4357,1148.188194,0.97,no,Reject
1971,4358,1149.041667,28.01,no,Dismiss
1972,4359,1149.188194,140.12,no,Partlyallow
1973,4360,1151.041667,139.98,no,Remand
1974,4361,1151.188194,154.85,no,AllowAppeal
1975,4362,1152.041667,115.98,no,Partlyallow
1976,4363,1152.188194,10.88,no,Dismiss
1977,4364,1153.041667,133.01,no,Partlyallow
1978,4365,1153.188194,140.09,no,Remand
1979,4366,1154.041667,0.23,no,Reject
1980,4367,1154.188194,145.86,no,Dismiss
1981,4368,1155.041667,129.12,no,Remand
1982,4369,1155.188194,137.84,no,Remand
1983,4370,1156.041667,3.96,no,DefaultDismiss
1985,4372,1158.041667,2.96,no,DefaultDismiss
1986,4373,1158.188194,212.90,no,Remand
1987,4374,1159.041667,3.00,no,Dismiss
1988,4375,1159.188194,19.94,no,Dismiss
1989,4376,1160.041667,42.96,no,DefaultDismiss
1990,4377,1160.188194,19.02,no,DefaultDismiss
1991,4378,1161.041667,21.08,no,Dismiss
1992,4379,1161.188194,129.95,no,AllowAppeal
1993,4380,1162.041667,38.09,no,DefaultDismiss
1994,4381,1162.188194,122.02,no,Partlyallow
1995,4382,1163.041667,107.05,no,Partlyallow
1996,4383,1163.188194,128.85,no,Dismiss
1997,4384,1165.041667,133.07,no,Dismiss
1998,4385,1165.188194,37.81,no,Dismiss
1999,4386,1166.041667,120.25,no,Dismiss
2000,4387,1166.188194,0.94,no,Reject
2001,4388,1167.041667,134.02,no,Partlyallow
2002,4389,1167.188194,176.87,no,Dismiss
2003,4390,1168.041667,94.99,no,judgementExparte
2005,4392,1169.041667,131.03,no,Partlyallow
2006,4393,1169.188194,35.13,no,DefaultDismiss
2007,4394,1170.041667,146.96,no,Dismiss
2008,4395,1170.188194,128.92,no,AllowAppeal
2009,4396,1172.041667,115.30,no,Partlyallow
2010,4397,1172.188194,2.86,no,Dismiss
2011,4398,1173.041667,0.25,no,Reject
2012,4399,1173.188194,19.93,no,Dismiss
2013,4400,1174.041667,136.22,no,Dismiss
2014,4401,1174.188194,77.08,no,Dismiss
2015,4402,1175.041667,77.97,no,judgementExparte
2016,4403,1175.188194,148.10,no,Remand
2017,4404,1176.041667,34.96,no,Dismiss
2018,4405,1176.188194,17.88,no,Dismiss
2019,4406,1177.041667,0.22,no,Reject
2020,4407,1177.188194,36.81,no,Dismiss
2021,4408,1179.041667,107.20,no,AllowAppeal
2022,4409,1179.188194,118.84,no,Partlyallow
2024,4411,1180.188194,118.84,no,Dismiss
2025,4412,1181.041667,2.98,no,Dismiss
2026,4413,1181.188194,0.86,no,Reject
2027,4414,1182.041667,137.06,no,Dismiss
2028,4415,1182.188194,135.00,no,AllowAppeal
2029,4416,1183.041667,135.98,no,Partlyallow
2030,4417,1183.188194,12.14,no,Dismiss
2031,4418,1184.041667,46.03,no,judgementExparte
2032,4419,1184.188194,38.84,no,Dismiss
2033,4420,1186.041667,131.23,no,Dismiss
2034,4421,1186.188194,133.10,no,AllowAppeal
2035,4422,1187.041667,125.20,no,Dismiss
2036,4423,1187.188194,282.90,no,judgementExparte
2037,4424,1188.041667,12.06,no,Dismiss
2038,4425,1188.188194,2.87,no,Dismiss
2039,4426,1189.041667,146.97,no,judgementExparte
2040,4427,1189.188194,122.96,no,Dismiss
2041,4428,1190.041667,171.99,no,Dismiss
2042,4429,1190.188194,122.00,no,Remand
2043,4430,1191.041667,109.12,no,judgementExparte
2044,4431,1191.188194,43.90,no,judgementExparte
2046,4433,1193.188194,4.86,no,Dismiss
2047,4434,1194.041667,3.05,no,Dismiss
2048,4435,1194.188194,149.87,no,AllowAppeal
2049,4436,1195.041667,126.18,no,Remand
2050,4437,1195.188194,2.84,no,Dismiss
2051,4438,1196.041667,125.03,no,Dismiss
2053,4440,1197.041667,113.04,no,Dismiss
2054,4441,1197.188194,134.12,no,Remand
2055,4442,1198.041667,2.99,no,Dismiss
2056,4443,1198.188194,142.12,no,Remand
2057,4444,1200.041667,14.18,no,Dismiss
2058,4445,1200.188194,142.03,no,Remand
2059,4446,1201.041667,2.18,no,Dismiss
2060,4447,1201.188194,1.01,no,Reject
2061,4448,1202.041667,2.19,no,Dismiss
2062,4449,1202.188194,86.89,no,judgementExparte
2063,4450,1203.041667,0.98,no,Reject
2064,4451,1203.188194,130.84,no,Remand
2065,4452,1204.041667,41.99,no,Dismiss
2066,4453,1204.188194,0.90,no,Reject
2067,4454,1205.041667,4.96,no,DefaultDismiss
2068,4455,1205.188194,228.81,no,judgementExparte
2069,4456,1207.041667,65.98,no,judgementExparte
2070,4457,1207.188194,55.87,no,DefaultDismiss
2071,4458,1208.041667,139.18,no,Dismiss
2073,4460,1209.041667,252.00,no,judgementExparte
2074,4461,1209.188194,5.01,no,Dismiss
2075,4462,1210.041667,138.31,no,Partlyallow
2076,4463,1210.188194,3.91,no,Dismiss
2077,4464,1211.041667,19.29,no,Dismiss
2078,4465,1211.188194,19.93,no,Dismiss
2079,4466,1212.041667,133.17,no,Dismiss
2080,4467,1212.188194,137.91,no,AllowAppeal
2081,4468,1214.041667,138.04,no,Partlyallow
2082,4469,1214.188194,112.88,no,Dismiss
2083,4470,1215.041667,268.22,no,judgementExparte
2084,4471,1215.188194,140.83,no,Partlyallow
2085,4472,1216.041667,12.25,no,Dismiss
2086,4473,1216.188194,41.97,no,Dismiss
2087,4474,1217.041667,120.00,no,judgementExparte
2089,4476,1218.041667,120.28,no,Dismiss
2090,4477,1218.188194,2.91,no,Dismiss
2091,4478,1219.041667,138.01,no,judgementExparte
2092,4479,1219.188194,38.87,no,Dismiss
2093,4480,1221.041667,38.96,no,Dismiss
2094,4481,1221.188194,20.93,no,Dismiss
2095,4482,1222.041667,158.00,no,Partlyallow
2096,4483,1222.188194,118.01,no,AllowAppeal
2097,4484,1223.041667,127.03,no,Dismiss
2098,4485,1223.188194,19.00,no,Dismiss
2099,4486,1224.041667,145.99,no,Remand
2100,4487,1224.188194,13.09,no,Dismiss
2101,4488,1225.041667,119.02,no,Dismiss
2102,4489,1225.188194,0.90,no,Reject
2103,4490,1226.041667,135.00,no,Remand
2104,4491,1226.188194,155.89,no,Remand
2105,4492,1228.041667,135.04,no,Dismiss
2106,4493,1228.188194,2.88,no,Dismiss
2108,4495,1229.188194,82.88,no,judgementExparte
2109,4496,1230.041667,153.29,no,judgementExparte
2110,4497,1230.188194,117.02,no,Remand
2111,4498,1231.041667,140.97,no,Remand
2112,4499,1231.188194,103.86,no,judgementExparte
2113,4500,1232.041667,129.26,no,Dismiss
2114,4501,1232.188194,132.00,no,Partlyallow
2115,4502,1233.041667,143.08,no,AllowAppeal
2116,4503,1233.188194,134.88,no,Partlyallow
2117,4504,1235.041667,120.02,no,Partlyallow
2118,4505,1235.188194,1.08,no,Reject
2119,4506,1236.041667,138.99,no,AllowAppeal
2120,4507,1236.188194,56.81,no,DefaultDismiss
2121,4508,1237.041667,0.29,no,Reject
2123,4510,1238.041667,161.08,no,Dismiss
2124,4511,1238.188194,120.87,no,Partlyallow
2125,4512,1239.041667,0.29,no,Reject
2126,4513,1239.188194,142.86,no,AllowAppeal
2127,4514,1240.041667,240.98,no,judgementExparte
2128,4515,1240.188194,110.84,no,judgementExparte
2129,4516,1242.041667,3.06,no,Dismiss
2130,4517,1242.188194,0.97,no,Reject
2131,4518,1243.041667,66.98,no,Dismiss
2132,4519,1243.188194,124.93,no,Partlyallow
2133,4520,1244.041667,3.01,no,Dismiss
2134,4521,1244.188194,124.08,no,Dismiss
2135,4522,1245.041667,4.07,no,Dismiss
2136,4523,1245.188194,117.90,no,Remand
2137,4524,1246.041667,117.02,no,Remand
2138,4525,1246.188194,0.85,no,Reject
2139,4526,1247.041667,137.04,no,Dismiss
2140,4527,1247.188194,1.90,no,Reject
2141,4528,1249.041667,126.98,no,Dismiss
2142,4529,1249.188194,129.94,no,AllowAppeal
2143,4530,1250.041667,147.99,no,Partlyallow
2144,4531,1250.188194,0.89,no,Reject
2145,4532,1251.041667,140.02,no,Remand
2146,4533,1251.188194,3.05,no,DefaultDismiss
2147,4534,1252.041667,116.08,no,Partlyallow
2148,4535,1252.188194,14.93,no,Dismiss
2149,4536,1253.041667,152.02,no,Remand
2150,4537,1253.188194,0.90,no,Reject
2152,4539,1254.188194,131.88,no,AllowAppeal
2153,4540,1256.041667,3.05,no,Dismiss
2154,4541,1256.188194,144.15,no,Dismiss
2155,4542,1257.041667,0.31,no,Reject
2156,4543,1257.188194,0.90,no,Reject
2157,4544,1258.041667,145.04,no,AllowAppeal
2158,4545,1258.188194,42.81,no,Dismiss
2159,4546,1259.041667,149.06,no,Partlyallow
2160,4547,1259.188194,0.89,no,Reject
2161,4548,1260.041667,132.99,no,Remand
2162,4549,1260.188194,45.86,no,judgementExparte
2163,4550,1261.041667,131.99,no,Dismiss
2164,4551,1261.188194,1.89,no,Reject
2166,4553,1263.188194,120.84,no,AllowAppeal
2167,4554,1264.041667,0.28,no,Reject
2169,4556,1265.041667,3.04,no,Dismiss
2170,4557,1265.188194,139.83,no,Remand
2171,4558,1266.041667,26.96,no,Dismiss
2172,4559,1266.188194,45.96,no,Dismiss
2173,4560,1267.041667,171.99,no,DefaultDismiss
2174,4561,1267.188194,2.91,no,Dismiss
2175,4562,1268.041667,55.25,no,DefaultDismiss
2176,4563,1268.188194,135.84,no,AllowAppeal
2177,4564,1270.041667,0.97,no,Reject
2178,4565,1270.188194,119.86,no,Dismiss
2179,4566,1271.041667,43.96,no,Dismiss
2180,4567,1271.188194,1.02,no,Reject
2181,4568,1272.041667,12.12,no,Dismiss
2182,4569,1272.188194,133.90,no,Remand
2183,4570,1273.041667,155.07,no,Dismiss
2184,4571,1273.188194,139.84,no,Partlyallow
2185,4572,1274.041667,115.99,no,Dismiss
2186,4573,1274.188194,7.84,no,Dismiss
2187,4574,1275.041667,136.01,no,Partlyallow
2188,4575,1275.188194,139.09,no,AllowAppeal
2189,4576,1277.041667,2.05,no,Dismiss
2191,4578,1278.041667,0.97,no,Reject
2192,4579,1278.188194,125.84,no,Partlyallow
2193,4580,1279.041667,110.09,no,Dismiss
2194,4581,1279.188194,78.82,no,judgementExparte
2196,4583,1280.188194,267.84,no,judgementExparte
2197,4584,1281.041667,244.27,no,judgementExparte
2198,4585,1281.188194,38.04,no,Dismiss
2200,4587,1282.188194,102.16,no,judgementExparte
2201,4588,1284.041667,133.05,no,Dismiss
2202,4589,1284.188194,41.82,no,DefaultDismiss
2203,4590,1285.041667,139.05,no,Remand
2204,4591,1285.188194,90.86,no,judgementExparte
2205,4592,1286.041667,135.98,no,Remand
2206,4593,1286.188194,137.83,no,Partlyallow
2207,4594,1287.041667,179.12,no,Remand
2208,4595,1287.188194,146.94,no,Dismiss
2209,4596,1288.041667,3.99,no,Dismiss
2210,4597,1288.188194,42.93,no,Dismiss
2211,4598,1289.041667,2.08,no,Dismiss
2212,4599,1289.188194,213.85,no,Dismiss
2213,4600,1291.041667,147.01,no,Dismiss
2214,4601,1291.188194,147.95,no,AllowAppeal
2215,4602,1292.041667,150.30,no,Remand
2216,4603,1292.188194,149.86,no,Partlyallow
2217,4604,1293.041667,65.06,no,judgementExparte
2218,4605,1293.188194,135.88,no,Dismiss
2219,4606,1294.041667,4.03,no,Dismiss
2220,4607,1294.188194,115.93,no,Dismiss
2221,4608,1295.041667,141.01,no,Partlyallow
2222,4609,1295.188194,16.92,no,Dismiss
2223,4610,1296.041667,100.01,no,judgementExparte
2224,4611,1296.188194,22.93,no,Dismiss
2225,4612,1298.041667,137.03,no,Remand
2226,4613,1298.188194,1.10,no,Reject
2228,4615,1299.188194,123.16,no,AllowAppeal
2229,4616,1300.041667,3.04,no,Dismiss
2230,4617,1300.188194,102.83,no,judgementExparte
2231,4618,1301.041667,0.27,no,Reject
2232,4619,1301.188194,146.84,no,Remand
2233,4620,1302.041667,131.98,no,AllowAppeal
2234,4621,1302.188194,137.11,no,Dismiss
2235,4622,1303.041667,114.06,no,Dismiss
2236,4623,1303.188194,118.13,no,AllowAppeal
2237,4624,1305.041667,210.08,no,judgementExparte
2238,4625,1305.188194,137.87,no,Dismiss
2239,4626,1306.041667,129.01,no,AllowAppeal
2240,4627,1306.188194,126.85,no,Dismiss
2241,4628,1307.041667,0.98,no,Reject
2242,4629,1307.188194,162.84,no,Remand
2243,4630,1308.041667,133.06,no,AllowAppeal
2244,4631,1308.188194,17.92,no,Dismiss
2245,4632,1309.041667,111.96,no,judgementExparte
2246,4633,1309.188194,12.06,no,Dismiss
2247,4634,1310.041667,19.98,no,Dismiss
2248,4635,1310.188194,143.87,no,Dismiss
2249,4636,1312.041667,129.17,no,Dismiss
2250,4637,1312.188194,143.02,no,Dismiss
2251,4638,1313.041667,37.02,no,Dismiss
2252,4639,1313.188194,129.86,no,Dismiss
2253,4640,1314.041667,125.31,no,AllowAppeal
2254,4641,1314.188194,4.95,no,Dismiss
2255,4642,1315.041667,116.01,no,Remand
2256,4643,1315.188194,150.84,no,Partlyallow
2257,4644,1316.041667,123.99,no,Dismiss
2258,4645,1316.188194,149.83,no,Partlyallow
2259,4646,1317.041667,130.03,no,Dismiss
2260,4647,1317.188194,147.02,no,Partlyallow
2261,4648,1319.041667,107.98,no,Remand
2262,4649,1319.188194,121.84,no,AllowAppeal
2263,4650,1320.041667,132.18,no,Partlyallow
2264,4651,1320.188194,1.14,no,Reject
2267,4654,1322.041667,11.06,no,Dismiss
2268,4655,1322.188194,41.84,no,DefaultDismiss
2269,4656,1323.041667,154.03,no,AllowAppeal
2270,4657,1323.188194,3.15,no,Dismiss
2272,4659,1324.188194,1.90,no,Reject
2273,4660,1326.041667,129.16,no,Dismiss
2274,4661,1326.188194,1.10,no,Reject
2275,4662,1327.041667,40.96,no,DefaultDismiss
2276,4663,1327.188194,3.84,no,Dismiss
2277,4664,1328.041667,3.28,no,Dismiss
2278,4665,1328.188194,141.91,no,Dismiss
2279,4666,1329.041667,280.06,no,judgementExparte
2280,4667,1329.188194,21.81,no,DefaultDismiss
2281,4668,1330.041667,108.99,no,judgementExparte
2282,4669,1330.188194,19.86,no,Dismiss
2283,4670,1331.041667,147.02,no,Remand
2284,4671,1331.188194,4.87,no,Dismiss
2285,4672,1333.041667,19.24,no,DefaultDismiss
2287,4674,1334.041667,44.02,no,Dismiss
2288,4675,1334.188194,0.91,no,Reject
2289,4676,1335.041667,138.01,no,AllowAppeal
2290,4677,1335.188194,114.92,no,Remand
2291,4678,1336.041667,215.99,no,judgementExparte
2292,4679,1336.188194,20.83,no,Dismiss
2293,4680,1337.041667,164.11,no,Dismiss
2294,4681,1337.188194,12.87,no,Dismiss
2295,4682,1338.041667,4.06,no,Dismiss
2296,4683,1338.188194,65.07,no,Dismiss
2297,4684,1340.041667,21.17,no,Dismiss
2298,4685,1340.188194,3.03,no,Dismiss
2299,4686,1341.041667,55.96,no,DefaultDismiss
2300,4687,1341.188194,45.96,no,judgementExparte
2301,4688,1342.041667,16.96,no,DefaultDismiss
2302,4689,1342.188194,79.84,no,Dismiss
2303,4690,1343.041667,21.15,no,Dismiss
2304,4691,1343.188194,10.89,no,Dismiss
2305,4692,1344.041667,15.19,no,Dismiss
2306,4693,1344.188194,19.89,no,DefaultDismiss
2307,4694,1345.041667,4.05,no,Dismiss
2308,4695,1345.188194,127.92,no,Remand
2309,4696,1347.041667,3.27,no,Dismiss
2310,4697,1347.188194,137.85,no,Partlyallow
2311,4698,1348.041667,133.99,no,Remand
2313,4700,1349.041667,43.98,no,Dismiss
2314,4701,1349.188194,2.94,no,Dismiss
2315,4702,1350.041667,46.01,no,Dismiss
2317,4704,1351.041667,141.07,no,Dismiss
2318,4705,1351.188194,124.10,no,Partlyallow
2319,4706,1352.041667,121.24,no,Remand
2320,4707,1352.188194,110.84,no,Dismiss
2321,4708,1354.041667,112.17,no,Partlyallow
2322,4709,1354.188194,1.02,no,Reject
2323,4710,1355.041667,136.01,no,Remand
2324,4711,1355.188194,149.88,no,Remand
2325,4712,1356.041667,133.02,no,Dismiss
2326,4713,1356.188194,110.87,no,Dismiss
2327,4714,1357.041667,4.22,no,Dismiss
2328,4715,1357.188194,154.85,no,AllowAppeal
2330,4717,1358.188194,0.94,no,Reject
2331,4718,1359.041667,121.16,no,Dismiss
2333,4720,1361.041667,138.25,no,Dismiss
2334,4721,1361.188194,132.92,no,Partlyallow
2335,4722,1362.041667,105.23,no,judgementExparte
2336,4723,1362.188194,0.94,no,Reject
2337,4724,1363.041667,2.98,no,Dismiss
2338,4725,1363.188194,5.01,no,Dismiss
2339,4726,1364.041667,207.12,no,judgementExparte
2340,4727,1364.188194,3.92,no,Dismiss
2341,4728,1365.041667,169.05,no,Dismiss
2343,4730,1366.041667,4.02,no,Dismiss
2344,4731,1366.188194,39.96,no,Dismiss
2345,4732,1368.041667,19.00,no,Dismiss
2346,4733,1368.188194,134.14,no,Remand
2347,4734,1369.041667,3.01,no,Dismiss
2348,4735,1369.188194,19.93,no,Dismiss
2349,4736,1370.041667,134.19,no,Partlyallow
2350,4737,1370.188194,19.85,no,Dismiss
2351,4738,1371.041667,35.96,no,Dismiss
2352,4739,1371.188194,3.87,no,Dismiss
2353,4740,1372.041667,88.98,no,judgementExparte
2355,4742,1373.041667,138.07,no,Remand
2356,4743,1373.188194,4.84,no,Dismiss
2357,4744,1375.041667,117.09,no,Dismiss
2358,4745,1375.188194,14.00,no,DefaultDismiss
2359,4746,1376.041667,0.30,no,Reject
2360,4747,1376.188194,134.86,no,Remand
2361,4748,1377.041667,3.02,no,Dismiss
2363,4750,1378.041667,137.03,no,Dismiss
2364,4751,1378.188194,0.88,no,Reject
2365,4752,1379.041667,130.02,no,Dismiss
2366,4753,1379.188194,58.93,no,Dismiss
2368,4755,1380.188194,5.88,no,Dismiss
2369,4756,1382.041667,0.27,no,Reject
2370,4757,1382.188194,1.03,no,Reject
2371,4758,1383.041667,1.06,no,Reject
2372,4759,1383.188194,145.83,no,Partlyallow
2373,4760,1384.041667,117.11,no,Remand
2374,4761,1384.188194,2.91,no,Dismiss
2375,4762,1385.041667,116.10,no,Dismiss
2376,4763,1385.188194,48.04,no,Dismiss
2378,4765,1386.188194,131.90,no,Remand
2379,4766,1387.041667,0.27,no,Reject
2380,4767,1387.188194,207.16,no,judgementExparte
2381,4768,1389.041667,0.97,no,Reject
2382,4769,1389.188194,58.88,no,Dismiss
2383,4770,1390.041667,12.96,no,DefaultDismiss
2385,4772,1391.041667,17.28,no,Dismiss
2386,4773,1391.188194,132.00,no,Dismiss
2387,4774,1392.041667,97.00,no,judgementExparte
2388,4775,1392.188194,3.93,no,Dismiss
2389,4776,1393.041667,107.99,no,judgementExparte
2390,4777,1393.188194,2.96,no,Dismiss
2391,4778,1394.041667,0.28,no,Reject
2393,4780,1396.041667,18.01,no,Dismiss
2394,4781,1396.188194,112.90,no,AllowAppeal
2395,4782,1397.041667,145.99,no,AllowAppeal
2396,4783,1397.188194,0.96,no,Reject
2397,4784,1398.041667,166.08,no,Partlyallow
2398,4785,1398.188194,110.91,no,Dismiss
2399,4786,1399.041667,2.03,no,Dismiss
2400,4787,1399.188194,0.91,no,Reject
2401,4788,1400.041667,125.98,no,AllowAppeal
2402,4789,1400.188194,135.90,no,Dismiss
2403,4790,1401.041667,149.12,no,Dismiss
2404,4791,1401.188194,122.89,no,Dismiss
2405,4792,1403.041667,22.03,no,Dismiss
2406,4793,1403.188194,135.94,no,Remand
2407,4794,1404.041667,2.18,no,DefaultDismiss
2408,4795,1404.188194,33.85,no,Dismiss
2409,4796,1405.041667,127.25,no,Partlyallow
2410,4797,1405.188194,123.90,no,Dismiss
2411,4798,1406.041667,118.04,no,Remand
2412,4799,1406.188194,34.81,no,DefaultDismiss
2413,4800,1407.041667,143.01,no,Partlyallow
2414,4801,1407.188194,133.92,no,Remand
2415,4802,1408.041667,174.01,no,judgementExparte
2416,4803,1408.188194,58.81,no,DefaultDismiss
2417,4804,1410.041667,128.98,no,AllowAppeal
2418,4805,1410.188194,126.88,no,Remand
2419,4806,1411.041667,145.98,no,AllowAppeal
2420,4807,1411.188194,181.02,no,judgementExparte
2421,4808,1412.041667,3.01,no,Dismiss
2422,4809,1412.188194,189.84,no,Remand
2424,4811,1413.188194,0.85,no,Reject
2426,4813,1414.188194,55.87,no,DefaultDismiss
2427,4814,1415.041667,144.11,no,Dismiss
2428,4815,1415.188194,150.81,no,Dismiss
2429,4816,1417.041667,139.99,no,AllowAppeal
2430,4817,1417.188194,121.93,no,Dismiss
2431,4818,1418.041667,191.18,no,AllowAppeal
2432,4819,1418.188194,133.88,no,Remand
2433,4820,1419.041667,124.05,no,Partlyallow
2434,4821,1419.188194,138.13,no,AllowAppeal
2435,4822,1420.041667,146.02,no,Partlyallow
2437,4824,1421.041667,3.25,no,Dismiss
2438,4825,1421.188194,147.82,no,Remand
2439,4826,1422.041667,128.09,no,Dismiss
2440,4827,1422.188194,4.86,no,Dismiss
2441,4828,1424.041667,3.02,no,Dismiss
2442,4829,1424.188194,127.84,no,Remand
2443,4830,1425.041667,127.99,no,Dismiss
2444,4831,1425.188194,19.93,no,Dismiss
2445,4832,1426.041667,0.23,no,Reject
2446,4833,1426.188194,41.84,no,Dismiss
2447,4834,1427.041667,121.00,no,Partlyallow
2448,4835,1427.188194,8.85,no,Dismiss
2449,4836,1428.041667,2.98,no,DefaultDismiss
2450,4837,1428.188194,19.86,no,Dismiss
2451,4838,1429.041667,5.11,no,Dismiss
2452,4839,1429.188194,146.01,no,Remand
2453,4840,1431.041667,2.31,no,Dismiss
2454,4841,1431.188194,20.92,no,Dismiss
2455,4842,1432.041667,161.00,no,Dismiss
2456,4843,1432.188194,130.08,no,AllowAppeal
2457,4844,1433.041667,3.01,no,Dismiss
2458,4845,1433.188194,133.89,no,Dismiss
2459,4846,1434.041667,116.08,no,Partlyallow
2460,4847,1434.188194,134.94,no,Dismiss
2461,4848,1435.041667,3.03,no,Dismiss
2462,4849,1435.188194,185.89,no,Remand
2463,4850,1436.041667,63.02,no,judgementExparte
2464,4851,1436.188194,142.93,no,Dismiss
2465,4852,1438.041667,122.15,no,Dismiss
2467,4854,1439.041667,27.02,no,Dismiss
2468,4855,1439.188194,125.08,no,Dismiss
2469,4856,1440.041667,140.06,no,AllowAppeal
2470,4857,1440.188194,4.96,no,Dismiss
2471,4858,1441.041667,139.07,no,Dismiss
2473,4860,1442.041667,120.02,no,Remand
2474,4861,1442.188194,3.84,no,Dismiss
2475,4862,1443.041667,135.23,no,Remand
2476,4863,1443.188194,156.83,no,Remand
2477,4864,1445.041667,11.00,no,Dismiss
2478,4865,1445.188194,97.97,no,judgementExparte
2479,4866,1446.041667,195.06,no,judgementExparte
2480,4867,1446.188194,0.86,no,Reject
2481,4868,1447.041667,131.20,no,Dismiss
2482,4869,1447.188194,81.86,no,judgementExparte
2483,4870,1448.041667,3.96,no,DefaultDismiss
2484,4871,1448.188194,0.87,no,Reject
2485,4872,1449.041667,140.97,no,Dismiss
2486,4873,1449.188194,150.92,no,Partlyallow
2487,4874,1450.041667,0.25,no,Reject
2488,4875,1450.188194,111.84,no,Partlyallow
2489,4876,1452.041667,154.07,no,Partlyallow
2490,4877,1452.188194,92.95,no,DefaultDismiss
2491,4878,1453.041667,17.98,no,Dismiss
2492,4879,1453.188194,110.84,no,judgementExparte
2493,4880,1454.041667,61.16,no,Dismiss
2494,4881,1454.188194,133.97,no,Partlyallow
2495,4882,1455.041667,117.00,no,Dismiss
2496,4883,1455.188194,123.01,no,Dismiss
2498,4885,1456.188194,134.07,no,Remand
2499,4886,1457.041667,42.10,no,Dismiss
2500,4887,1457.188194,153.16,no,AllowAppeal
2501,4888,1459.041667,0.96,no,Reject
2502,4889,1459.188194,139.91,no,Dismiss
2503,4890,1460.041667,3.06,no,Dismiss
2504,4891,1460.188194,3.89,no,Dismiss
2505,4892,1461.041667,145.98,no,Partlyallow
2506,4893,1461.188194,151.88,no,Partlyallow
2507,4894,1462.041667,4.17,no,Dismiss
2508,4895,1462.188194,130.85,no,Dismiss
2509,4896,1463.041667,5.18,no,Dismiss
2510,4897,1463.188194,139.87,no,Partlyallow
2511,4898,1464.041667,123.08,no,Remand
2512,4899,1464.188194,4.90,no,Dismiss
2513,4900,1466.041667,8.99,no,Dismiss
2514,4901,1466.188194,20.91,no,Dismiss
2515,4902,1467.041667,40.96,no,Dismiss
2516,4903,1467.188194,38.07,no,Dismiss
2517,4904,1468.041667,0.29,no,Reject
2519,4906,1469.041667,139.98,no,AllowAppeal
2520,4907,1469.188194,3.89,no,Dismiss
2521,4908,1470.041667,135.98,no,Partlyallow
2522,4909,1470.188194,13.89,no,Dismiss
2523,4910,1471.041667,150.97,no,Remand
2524,4911,1471.188194,52.15,no,Dismiss
2525,4912,1473.041667,148.04,no,Dismiss
2526,4913,1473.188194,2.84,no,Dismiss
2527,4914,1474.041667,223.00,no,judgementExparte
2528,4915,1474.188194,64.84,no,Dismiss
2529,4916,1475.041667,126.99,no,Partlyallow
2530,4917,1475.188194,30.81,no,Dismiss
2531,4918,1476.041667,118.02,no,Dismiss
2532,4919,1476.188194,141.88,no,AllowAppeal
2533,4920,1477.041667,3.98,no,Dismiss
2535,4922,1478.041667,107.10,no,Dismiss
2536,4923,1478.188194,120.96,no,AllowAppeal
2537,4924,1480.041667,134.99,no,Remand
2538,4925,1480.188194,136.86,no,AllowAppeal
2539,4926,1481.041667,137.04,no,Remand
2540,4927,1481.188194,129.08,no,Dismiss
2541,4928,1482.041667,99.04,no,judgementExparte
2542,4929,1482.188194,5.00,no,Dismiss
2543,4930,1483.041667,0.31,no,Reject
2544,4931,1483.188194,146.91,no,Dismiss
2545,4932,1484.041667,115.99,no,Partlyallow
2546,4933,1484.188194,123.87,no,Dismiss
2547,4934,1485.041667,68.08,no,Dismiss
2548,4935,1485.188194,143.83,no,Remand
2549,4936,1487.041667,127.17,no,Dismiss
2550,4937,1487.188194,3.89,no,Dismiss
2551,4938,1488.041667,139.17,no,AllowAppeal
2552,4939,1488.188194,140.92,no,Remand
2553,4940,1489.041667,223.03,no,judgementExparte
2554,4941,1489.188194,116.86,no,Partlyallow
2555,4942,1490.041667,3.98,no,DefaultDismiss
2556,4943,1490.188194,131.95,no,Dismiss
2557,4944,1491.041667,10.08,no,Dismiss
2558,4945,1491.188194,18.87,no,Dismiss
2559,4946,1492.041667,2.02,no,Dismiss
2560,4947,1492.188194,20.88,no,Dismiss
2561,4948,1494.041667,13.96,no,DefaultDismiss
2562,4949,1494.188194,42.81,no,judgementExparte
2563,4950,1495.041667,129.15,no,Dismiss
2564,4951,1495.188194,117.89,no,AllowAppeal
2565,4952,1496.041667,58.97,no,judgementExparte
2566,4953,1496.188194,1.00,no,Reject
2567,4954,1497.041667,272.02,no,judgementExparte
2568,4955,1497.188194,78.06,no,Dismiss
2569,4956,1498.041667,17.24,no,Dismiss
2570,4957,1498.188194,129.84,no,Dismiss
2571,4958,1499.041667,145.31,no,Partlyallow
2572,4959,1499.188194,53.15,no,DefaultDismiss
2573,4960,1501.041667,2.31,no,Dismiss
2574,4961,1501.188194,118.98,no,Remand
2575,4962,1502.041667,135.03,no,AllowAppeal
2576,4963,1502.188194,218.87,no,judgementExparte
2577,4964,1503.041667,145.17,no,Dismiss
2578,4965,1503.188194,121.91,no,Partlyallow
2579,4966,1504.041667,135.05,no,Dismiss
2580,4967,1504.188194,148.83,no,AllowAppeal
2581,4968,1505.041667,141.08,no,Dismiss
2582,4969,1505.188194,113.03,no,Dismiss
2583,4970,1506.041667,0.25,no,Reject
2584,4971,1506.188194,50.90,no,Dismiss
2585,4972,1508.041667,14.07,no,Dismiss
2586,4973,1508.188194,143.87,no,Remand
2587,4974,1509.041667,86.07,no,judgementExparte
2588,4975,1509.188194,142.86,no,Dismiss
2589,4976,1510.041667,2.99,no,Dismiss
2590,4977,1510.188194,35.88,no,judgementExparte
2591,4978,1511.041667,2.23,no,Dismiss
2592,4979,1511.188194,56.85,no,Dismiss
2593,4980,1512.041667,139.07,no,Dismiss
2594,4981,1512.188194,123.96,no,Remand
2595,4982,1513.041667,145.04,no,Dismiss
2596,4983,1513.188194,123.83,no,AllowAppeal
2598,4985,1515.188194,130.88,no,Remand
2599,4986,1516.041667,101.02,no,Partlyallow
2600,4987,1516.188194,131.83,no,AllowAppeal
2601,4988,1517.041667,13.05,no,Dismiss
2602,4989,1517.188194,110.83,no,Dismiss
2603,4990,1518.041667,4.09,no,Dismiss
2604,4991,1518.188194,178.85,no,Remand
2605,4992,1519.041667,40.03,no,Dismiss
2606,4993,1519.188194,100.87,no,judgementExparte
2608,4995,1520.188194,48.84,no,Dismiss
2609,4996,1522.041667,220.99,no,judgementExparte
2610,4997,1522.188194,141.04,no,Remand
2611,4998,1523.041667,44.97,no,judgementExparte
2612,4999,1523.188194,134.94,no,Dismiss
2613,5000,1524.041667,120.04,no,Dismiss
2614,5001,1524.188194,137.92,no,Dismiss
2615,5002,1525.041667,133.99,no,Remand
2616,5003,1525.188194,50.92,no,Dismiss
2617,5004,1526.041667,136.07,no,Dismiss
2618,5005,1526.188194,136.89,no,AllowAppeal
2619,5006,1527.041667,2.07,no,Dismiss
2620,5007,1527.188194,135.87,no,Partlyallow
2621,5008,1529.041667,130.97,no,Partlyallow
2622,5009,1529.188194,0.92,no,Reject
2623,5010,1530.041667,146.17,no,Dismiss
2624,5011,1530.188194,132.85,no,Remand
2625,5012,1531.041667,130.98,no,Remand
2628,5015,1532.188194,132.83,no,Dismiss
2629,5016,1533.041667,144.01,no,Dismiss
2630,5017,1533.188194,40.87,no,judgementExparte
2631,5018,1534.041667,129.99,no,Remand
2632,5019,1534.188194,53.88,no,Dismiss
2633,5020,1536.041667,0.31,no,Reject
2634,5021,1536.188194,99.02,no,judgementExparte
2635,5022,1537.041667,139.10,no,Dismiss
2636,5023,1537.188194,120.87,no,Remand
2637,5024,1538.041667,124.24,no,AllowAppeal
2638,5025,1538.188194,2.88,no,Dismiss
2639,5026,1539.041667,233.02,no,judgementExparte
2640,5027,1539.188194,11.05,no,Dismiss
2641,5028,1540.041667,119.02,no,Dismiss
2642,5029,1540.188194,2.93,no,Dismiss
2643,5030,1541.041667,215.07,no,judgementExparte
2644,5031,1541.188194,3.92,no,Dismiss
2645,5032,1543.041667,147.15,no,Dismiss
2646,5033,1543.188194,46.82,no,Dismiss
2647,5034,1544.041667,2.02,no,Dismiss
2648,5035,1544.188194,134.88,no,AllowAppeal
2649,5036,1545.041667,113.30,no,Partlyallow
2650,5037,1545.188194,18.91,no,Dismiss
2651,5038,1546.041667,141.02,no,AllowAppeal
2652,5039,1546.188194,4.09,no,Dismiss
2654,5041,1547.188194,145.81,no,Remand
2655,5042,1548.041667,105.00,no,Dismiss
2657,5044,1550.041667,277.07,no,judgementExparte
2658,5045,1550.188194,123.86,no,AllowAppeal
2659,5046,1551.041667,244.11,no,judgementExparte
2660,5047,1551.188194,129.05,no,Dismiss
2661,5048,1552.041667,125.99,no,Partlyallow
2662,5049,1552.188194,0.86,no,Reject
2663,5050,1553.041667,126.04,no,Dismiss
2664,5051,1553.188194,146.96,no,Dismiss
2666,5053,1554.188194,159.83,no,Remand
2667,5054,1555.041667,132.25,no,Dismiss
2668,5055,1555.188194,19.87,no,Dismiss
2669,5056,1557.041667,21.09,no,Dismiss
2670,5057,1557.188194,10.88,no,Dismiss
2671,5058,1558.041667,1.16,no,Reject
2672,5059,1558.188194,117.96,no,Dismiss
2673,5060,1559.041667,1.05,no,Reject
2674,5061,1559.188194,125.86,no,Dismiss
2675,5062,1560.041667,127.08,no,Remand
2676,5063,1560.188194,118.88,no,judgementExparte
2677,5064,1561.041667,0.99,no,Reject
2678,5065,1561.188194,3.81,no,Dismiss
2679,5066,1562.041667,163.01,no,AllowAppeal
2680,5067,1562.188194,158.92,no,Dismiss
2681,5068,1564.041667,126.05,no,AllowAppeal
2682,5069,1564.188194,136.87,no,Partlyallow
2683,5070,1565.041667,126.98,no,AllowAppeal
2684,5071,1565.188194,138.89,no,Remand
2685,5072,1566.041667,5.08,no,Dismiss
2686,5073,1566.188194,116.91,no,Remand
2687,5074,1567.041667,116.07,no,AllowAppeal
2688,5075,1567.188194,3.91,no,Dismiss
2689,5076,1568.041667,17.98,no,Dismiss
2690,5077,1568.188194,138.88,no,Remand
2691,5078,1569.041667,124.10,no,AllowAppeal
2692,5079,1569.188194,141.83,no,Partlyallow
2693,5080,1571.041667,142.08,no,Dismiss
2695,5082,1572.041667,141.18,no,Remand
2696,5083,1572.188194,3.87,no,Dismiss
2697,5084,1573.041667,5.12,no,Dismiss
2698,5085,1573.188194,1.13,no,Reject
2699,5086,1574.041667,4.01,no,DefaultDismiss
2700,5087,1574.188194,138.85,no,Partlyallow
2701,5088,1575.041667,122.07,no,Remand
2702,5089,1575.188194,3.89,no,Dismiss
2703,5090,1576.041667,124.04,no,Dismiss
2705,5092,1578.041667,126.20,no,Dismiss
2706,5093,1578.188194,126.00,no,Dismiss
2707,5094,1579.041667,84.11,no,judgementExparte
2708,5095,1579.188194,42.84,no,judgementExparte
2709,5096,1580.041667,138.25,no,Partlyallow
2710,5097,1580.188194,124.01,no,AllowAppeal
2711,5098,1581.041667,125.01,no,Dismiss
2712,5099,1581.188194,142.02,no,AllowAppeal
2713,5100,1582.041667,134.05,no,Remand
2714,5101,1582.188194,140.92,no,Dismiss
2715,5102,1583.041667,12.02,no,Dismiss
2716,5103,1583.188194,142.87,no,AllowAppeal
2717,5104,1585.041667,40.03,no,judgementExparte
2718,5105,1585.188194,147.03,no,Dismiss
2719,5106,1586.041667,20.12,no,Dismiss
2720,5107,1586.188194,152.94,no,Dismiss
2721,5108,1587.041667,16.05,no,Dismiss
2722,5109,1587.188194,158.89,no,judgementExparte
2723,5110,1588.041667,211.99,no,AllowAppeal
2724,5111,1588.188194,125.01,no,Remand
2725,5112,1589.041667,3.09,no,Dismiss
2726,5113,1589.188194,133.96,no,Dismiss
2727,5114,1590.041667,2.10,no,Dismiss
2728,5115,1590.188194,92.92,no,judgementExparte
2729,5116,1592.041667,232.98,no,judgementExparte
2730,5117,1592.188194,50.90,no,Dismiss
2732,5119,1593.188194,48.05,no,Dismiss
2733,5120,1594.041667,40.08,no,Dismiss
2734,5121,1594.188194,104.85,no,judgementExparte
2735,5122,1595.041667,0.29,no,Reject
2736,5123,1595.188194,151.85,no,Partlyallow
2738,5125,1596.188194,128.92,no,Partlyallow
2739,5126,1597.041667,0.27,no,Reject
2740,5127,1597.188194,142.08,no,Dismiss
2741,5128,1599.041667,151.03,no,Dismiss
2742,5129,1599.188194,60.85,no,judgementExparte
2743,5130,1600.041667,165.10,no,Partlyallow
2744,5131,1600.188194,154.88,no,Dismiss
2745,5132,1601.041667,0.97,no,Reject
2746,5133,1601.188194,14.84,no,Dismiss
2747,5134,1602.041667,134.02,no,Dismiss
2748,5135,1602.188194,132.91,no,Dismiss
2749,5136,1603.041667,137.98,no,judgementExparte
2750,5137,1603.188194,3.07,no,Dismiss
2751,5138,1604.041667,48.96,no,Dismiss
2752,5139,1604.188194,52.81,no,Dismiss
2753,5140,1606.041667,92.00,no,judgementExparte
2754,5141,1606.188194,11.93,no,Dismiss
2755,5142,1607.041667,134.00,no,Remand
2756,5143,1607.188194,0.86,no,Reject
2757,5144,1608.041667,56.10,no,Dismiss
2758,5145,1608.188194,207.88,no,judgementExparte
2759,5146,1609.041667,112.04,no,Dismiss
2760,5147,1609.188194,139.88,no,Remand
2761,5148,1610.041667,129.25,no,AllowAppeal
2763,5150,1611.041667,52.99,no,Dismiss
2764,5151,1611.188194,130.09,no,Dismiss
2765,5152,1613.041667,120.01,no,Remand
2766,5153,1613.188194,120.91,no,AllowAppeal
2767,5154,1614.041667,126.28,no,Remand
2768,5155,1614.188194,3.83,no,DefaultDismiss
2769,5156,1615.041667,0.28,no,Reject
2770,5157,1615.188194,4.93,no,Dismiss
2771,5158,1616.041667,31.96,no,Dismiss
2772,5159,1616.188194,4.89,no,Dismiss
2773,5160,1617.041667,147.11,no,Dismiss
2774,5161,1617.188194,136.84,no,Remand
2775,5162,1618.041667,121.99,no,Remand
2776,5163,1618.188194,4.85,no,Dismiss
2777,5164,1620.041667,133.07,no,AllowAppeal
2778,5165,1620.188194,0.92,no,Reject
2779,5166,1621.041667,19.99,no,DefaultDismiss
2780,5167,1621.188194,202.09,no,Dismiss
2781,5168,1622.041667,135.01,no,AllowAppeal
2782,5169,1622.188194,148.93,no,Dismiss
2783,5170,1623.041667,137.21,no,Remand
2784,5171,1623.188194,138.88,no,AllowAppeal
2785,5172,1624.041667,130.01,no,Remand
2786,5173,1624.188194,126.89,no,Remand
2787,5174,1625.041667,3.96,no,DefaultDismiss
2788,5175,1625.188194,145.16,no,Dismiss
2789,5176,1627.041667,39.03,no,Dismiss
2790,5177,1627.188194,131.13,no,Dismiss
2791,5178,1628.041667,0.29,no,Reject
2792,5179,1628.188194,126.07,no,Dismiss
2793,5180,1629.041667,48.98,no,Dismiss
2794,5181,1629.188194,39.89,no,Dismiss
2795,5182,1630.041667,18.04,no,Dismiss
2796,5183,1630.188194,4.84,no,Dismiss
2797,5184,1631.041667,185.99,no,Dismiss
2798,5185,1631.188194,122.02,no,AllowAppeal
2799,5186,1632.041667,47.15,no,DefaultDismiss
2801,5188,1634.041667,131.10,no,Dismiss
2802,5189,1634.188194,142.96,no,Remand
2803,5190,1635.041667,125.11,no,Remand
2804,5191,1635.188194,16.88,no,Dismiss
2805,5192,1636.041667,134.22,no,Dismiss
2806,5193,1636.188194,0.95,no,Reject
2807,5194,1637.041667,141.98,no,AllowAppeal
2808,5195,1637.188194,143.91,no,Remand
2809,5196,1638.041667,104.01,no,Dismiss
2810,5197,1638.188194,0.95,no,Reject
2811,5198,1639.041667,122.05,no,Dismiss
2812,5199,1639.188194,19.86,no,Dismiss
2813,5200,1641.041667,1.99,no,DefaultDismiss
2814,5201,1641.188194,116.84,no,Dismiss
2815,5202,1642.041667,135.99,no,Remand
2816,5203,1642.188194,139.87,no,Dismiss
2817,5204,1643.041667,0.98,no,Reject
2818,5205,1643.188194,156.87,no,Partlyallow
2819,5206,1644.041667,141.05,no,Dismiss
2820,5207,1644.188194,143.97,no,AllowAppeal
2821,5208,1645.041667,38.06,no,Dismiss
2822,5209,1645.188194,109.92,no,judgementExparte
2823,5210,1646.041667,5.01,no,Dismiss
2824,5211,1646.188194,178.90,no,Dismiss
2825,5212,1648.041667,12.06,no,Dismiss
2826,5213,1648.188194,135.86,no,Dismiss
2827,5214,1649.041667,54.96,no,Dismiss
2828,5215,1649.188194,89.96,no,judgementExparte
2829,5216,1650.041667,92.01,no,judgementExparte
2830,5217,1650.188194,148.89,no,AllowAppeal
2831,5218,1651.041667,151.11,no,AllowAppeal
2832,5219,1651.188194,145.92,no,AllowAppeal
2834,5221,1652.188194,128.90,no,Remand
2835,5222,1653.041667,0.25,no,Reject
2837,5224,1655.041667,53.98,no,Dismiss
2839,5226,1656.041667,2.17,no,Dismiss
2840,5227,1656.188194,153.86,no,Partlyallow
2841,5228,1657.041667,146.99,no,AllowAppeal
2842,5229,1657.188194,39.81,no,Dismiss
2843,5230,1658.041667,123.30,no,AllowAppeal
2844,5231,1658.188194,3.92,no,Dismiss
2846,5233,1659.188194,123.88,no,Dismiss
2847,5234,1660.041667,3.02,no,Dismiss
2848,5235,1660.188194,85.84,no,judgementExparte
2849,5236,1662.041667,127.99,no,Remand
2850,5237,1662.188194,128.92,no,Remand
2851,5238,1663.041667,0.97,no,Reject
2852,5239,1663.188194,110.83,no,AllowAppeal
2854,5241,1664.188194,130.97,no,Remand
2855,5242,1665.041667,37.04,no,Dismiss
2856,5243,1665.188194,84.84,no,judgementExparte
2857,5244,1666.041667,128.99,no,Partlyallow
2858,5245,1666.188194,128.83,no,Partlyallow
2859,5246,1667.041667,128.06,no,AllowAppeal
2860,5247,1667.188194,21.13,no,DefaultDismiss
2861,5248,1669.041667,0.97,no,Reject
2862,5249,1669.188194,136.87,no,AllowAppeal
2863,5250,1670.041667,144.03,no,Dismiss
2864,5251,1670.188194,1.05,no,Reject
2865,5252,1671.041667,145.09,no,Dismiss
2867,5254,1672.041667,43.05,no,Dismiss
2868,5255,1672.188194,102.83,no,judgementExparte
2869,5256,1673.041667,134.06,no,Dismiss
2870,5257,1673.188194,149.96,no,Remand
2872,5259,1674.188194,149.93,no,Dismiss
2873,5260,1676.041667,88.98,no,judgementExparte
2874,5261,1676.188194,8.85,no,Dismiss
2875,5262,1677.041667,21.01,no,Dismiss
2876,5263,1677.188194,40.84,no,DefaultDismiss
2877,5264,1678.041667,2.22,no,DefaultDismiss
2878,5265,1678.188194,130.89,no,Dismiss
2879,5266,1679.041667,4.12,no,Dismiss
2881,5268,1680.041667,54.17,no,Dismiss
2883,5270,1681.041667,19.98,no,Dismiss
2884,5271,1681.188194,12.94,no,Dismiss
2885,5272,1683.041667,2.03,no,Dismiss
2886,5273,1683.188194,125.86,no,Partlyallow
2889,5276,1685.041667,140.07,no,Dismiss
2890,5277,1685.188194,2.88,no,Dismiss
2891,5278,1686.041667,21.23,no,Dismiss
2893,5280,1687.041667,131.07,no,judgementExparte
2894,5281,1687.188194,86.84,no,judgementExparte
2895,5282,1688.041667,108.15,no,AllowAppeal
2896,5283,1688.188194,49.02,no,Dismiss
2898,5285,1690.188194,2.84,no,DefaultDismiss
2899,5286,1691.041667,3.12,no,Dismiss
2900,5287,1691.188194,122.05,no,Remand
2901,5288,1692.041667,34.96,no,Dismiss
2902,5289,1692.188194,64.92,no,Dismiss
2903,5290,1693.041667,132.04,no,judgementExparte
2904,5291,1693.188194,131.86,no,Dismiss
2905,5292,1694.041667,59.06,no,Dismiss
2907,5294,1695.041667,128.05,no,Remand
2909,5296,1697.041667,14.02,no,Dismiss
2910,5297,1697.188194,128.86,no,Dismiss
2914,5301,1699.188194,0.84,no,Reject
2915,5302,1700.041667,20.19,no,Dismiss
2918,5305,1701.188194,5.03,no,Dismiss
2919,5306,1702.041667,51.04,no,judgementExparte
2920,5307,1702.188194,4.88,no,Dismiss
2922,5309,1704.188194,3.94,no,Dismiss
2925,5312,1706.041667,18.99,no,DefaultDismiss
2928,5315,1707.188194,38.92,no,Dismiss
2929,5316,1708.041667,5.97,no,Dismiss
2932,5319,1709.188194,3.95,no,Dismiss
2935,5322,1712.041667,0.25,no,Reject
2938,5325,1713.188194,2.90,no,Dismiss
2940,5327,1714.188194,3.92,no,Dismiss
2942,5329,1715.188194,46.85,no,Dismiss
2946,5333,1718.188194,13.84,no,DefaultDismiss
2949,5336,1720.041667,68.08,no,Dismiss
2952,5339,1721.188194,17.94,no,Dismiss
2953,5340,1722.041667,3.07,no,Dismiss
2955,5342,1723.041667,1.97,no,Reject
2957,5344,1725.041667,3.03,no,Dismiss
2958,5345,1725.188194,51.88,no,judgementExparte
2959,5346,1726.041667,4.01,no,Dismiss
2962,5349,1727.188194,37.84,no,Dismiss
2964,5351,1728.188194,46.10,no,Dismiss
2967,5354,1730.041667,0.29,no,Reject
2968,5355,1730.188194,1.90,no,Reject
2969,5356,1732.041667,3.02,no,Dismiss
2975,5362,1735.041667,1.02,no,Reject
2976,5363,1735.188194,36.83,no,judgementExparte
2979,5366,1737.041667,48.02,no,Dismiss
2981,5368,1739.041667,3.09,no,Dismiss
2984,5371,1740.188194,8.96,no,Dismiss
2988,5375,1742.188194,70.81,no,Dismiss
2996,5383,1747.188194,48.01,no,Dismiss
2997,5384,1748.041667,3.00,no,Dismiss
2999,5386,1749.041667,0.27,no,Reject
3000,5387,1749.188194,10.94,no,Dismiss
3001,5388,1750.041667,48.98,no,Dismiss
3003,5390,1751.041667,3.04,no,Dismiss
3004,5391,1751.188194,19.97,no,Dismiss
3006,5393,1753.188194,11.03,no,Dismiss
3009,5396,1755.041667,56.17,no,judgementExparte
3017,5404,1760.041667,0.98,no,Reject
3019,5406,1761.041667,20.16,no,Dismiss
3020,5407,1761.188194,20.01,no,Dismiss
3024,5411,1763.188194,20.87,no,Dismiss
3028,5415,1765.188194,39.92,no,Dismiss
3029,5416,1767.041667,3.28,no,DefaultDismiss
3032,5419,1768.188194,2.90,no,Dismiss
3033,5420,1769.041667,14.10,no,Dismiss
3034,5421,1769.188194,3.03,no,Dismiss
3044,5431,1775.188194,8.91,no,Dismiss
3046,5433,1776.188194,1.16,no,Reject
3047,5434,1777.041667,12.02,no,Dismiss
3048,5435,1777.188194,1.02,no,Reject
3049,5436,1778.041667,3.31,no,Dismiss
3050,5437,1778.188194,0.92,no,Reject
3060,5447,1784.188194,36.81,no,Dismiss
3061,5448,1785.041667,19.06,no,Dismiss
3062,5449,1785.188194,3.91,no,Dismiss
3064,5451,1786.188194,13.91,no,Dismiss
3066,5453,1788.188194,1.06,no,Reject
3079,5466,1796.041667,0.99,no,Reject
3080,5467,1796.188194,2.89,no,Dismiss
3083,5470,1798.041667,11.04,no,Dismiss
3085,5472,1799.041667,5.01,no,Dismiss
3093,5480,1804.041667,9.07,no,Dismiss
3094,5481,1804.188194,0.93,no,Reject
3097,5484,1806.041667,4.03,no,Dismiss
3100,5487,1807.188194,5.89,no,Dismiss
3106,5493,1811.188194,14.91,no,Dismiss
3107,5494,1812.041667,0.96,no,Reject
3109,5496,1813.041667,0.96,no,Reject
3112,5499,1814.188194,1.95,no,Reject
3113,5500,1816.041667,2.05,no,Dismiss
3118,5505,1818.188194,0.91,no,Reject
3125,5512,1823.041667,0.96,no,Reject
3129,5516,1825.041667,0.26,no,Reject